<NotepadPlus>
    <UserLang name="Arduino" ext="ino">
		<Settings>
            <Global caseIgnored="no" />
            <TreatAsSymbol comment="yes" commentLine="yes" />
            <Prefix words1="no" words2="no" words3="no" words4="no" />
		</Settings>
        <KeywordLists>
		    <Keywords name="Delimiters">000000</Keywords>
            <Keywords name="Folder+">{</Keywords>
            <Keywords name="Folder-">}</Keywords>
            <Keywords name="Operators">- ! &quot; # % ( ) * , / [ ] ^ | + &lt; = &gt;</Keywords>
            <Keywords name="Comment">1/* 2*/ 0//</Keywords>
            <Keywords name="Words1">abs accept acos analogRead analogReference analogWrite asin atan atan2 attach attached attachInterrupt autoscroll available begin beginPacket beginTransmission bit bitClear bitRead bitSet bitWrite blink blinkVersion BSSID callbackFunction ceil char class clear click Client close connect connected constrain cos createChar cursor degrees delay delayMicroseconds detach detachInterrupt digitalRead digitalWrite direction disconnect display EEPROM encryptionType end endPacket endTransmission Ethernet EthernetClient EthernetServer exists exp File find findUntil Firmata floor flush gatewayIP getResult getSocket highByte home int16_t int32_t int64_t interrupts IPAddress isListening isPressed Keyboard leftToRight LiquidCrystal listen localIP log loop lowByte macAddress map max micros millis min mkdir Mouse move NewSoftSerial noAutoscroll noBlink noCursor noDisplay noInterrupts noTone onReceive onRequest open overflow parseFloat parseInt parsePacket peek pinMode position press print printFirmwareVersion println printVersion processInput prog_char prog_int16_t prog_int32_t prog_int64_t prog_int8_t prog_uchar prog_uint16_t prog_uint32_t prog_uint64_t prog_uint8_t prog_void PROGMEM pulseIn radians random randomSeed read readBytes readBytesUntil readMicroseconds receive register release releaseAll remoteIP remotePort remove requestFrom rightToLeft rmdir round RSSI scrollDisplayLeft scrollDisplayRight SD seek send sendAnalog sendDigital sendDigitalPort sendDigitalPortPair sendString sendSysex Server Servo setBitOrder setClockDivider setCursor setDataMode setFirmwareNameAndVersion setFirmwareVersion setSpeed setTimeout setup shiftIn shiftOut sin size speed SPI sq sqrt SSID status step Stepper stop stringCallbackFunction subnetMask sysexCallbackFunction systemResetCallbackFunction tan tone transfer uint16_t uint32_t uint64_t uint8_t version WiFi WiFiClient WiFiServer Wire write writeMicroseconds goto typedef sizeof NULL delete catch namespace operator const_cast static_cast dynamic_cast reinterpret_cast using typeid and and_eq bitand bitor compl not not_eq or or_eq xor xor_eq</Keywords>
            <Keywords name="Words2">boolean break byte case char class const continue default do double else false float for if int long new null private protected public return short signed static String switch this throw try true unsigned void while word</Keywords>
            <Keywords name="Words3">Serial Serial1 Serial2 Serial3</Keywords>
            <Keywords name="Words4">ANALOG_MESSAGE ANALOG_PORT BIN CHANGE DEC DEFAULT DIGITAL_MESSAGE END_SYSEX EXTERNAL FALLING FILE_READ FILE_WRITE HALF_PI HEX HIGH INPUT INPUT_PULLUP INTERNAL INTERNAL1V1 INTERNAL2V56 LOW LSBFIRST MAX_DATA_BYTES MSBFIRST OCT OUTPUT PI PWM REPORT_ANALOG REPORT_DIGITAL REPORT_VERSION RISING SERIAL_5E1 SERIAL_5E2 SERIAL_5N1 SERIAL_5N2 SERIAL_5O1 SERIAL_5O2 SERIAL_6E1 SERIAL_6E2 SERIAL_6N1 SERIAL_6N2 SERIAL_6O1 SERIAL_6O2 SERIAL_7E1 SERIAL_7E2 SERIAL_7N1 SERIAL_7N2 SERIAL_7O1 SERIAL_7O2 SERIAL_8E1 SERIAL_8E2 SERIAL_8N1 SERIAL_8N2 SERIAL_8O1 SERIAL_8O2 SET_PIN_MODE SPI_CLOCK_DIV128 SPI_CLOCK_DIV16 SPI_CLOCK_DIV2 SPI_CLOCK_DIV32 SPI_CLOCK_DIV4 SPI_CLOCK_DIV64 SPI_CLOCK_DIV8 SPI_MODE0 SPI_MODE1 SPI_MODE2 SPI_MODE3 START_SYSEX SYSTEM_RESET TOTAL_ANALOG_PINS TOTAL_DIGITAL_PINS TOTAL_PORTS TWO_PI</Keywords>
        </KeywordLists>
		<Styles>
            <WordsStyle name="DEFAULT" styleID="0" fgColor="000000" bgColor="FFFFFF" fontName="" fontStyle="0"/>
            <WordsStyle name="FOLDEROPEN" styleID="12" fgColor="808080" bgColor="FFFFFF" fontName="" fontStyle="0"/>
			<WordsStyle name="FOLDERCLOSE" styleID="14" fgColor="000000" bgColor="FFFFFF" fontName="" fontStyle="0"/>
            <WordsStyle name="KEYWORD1" styleID="5" fgColor="0000FF" bgColor="FFFFFF" fontName="" fontStyle="1"/>
            <WordsStyle name="KEYWORD2" styleID="6" fgColor="8000FF" bgColor="FFFFFF" fontName="" fontStyle="0"/>
            <WordsStyle name="KEYWORD3" styleID="7" fgColor="408080" bgColor="FFFFFF" fontName="" fontStyle="1"/>
            <WordsStyle name="KEYWORD4" styleID="8" fgColor="FF8000" bgColor="FFFFFF" fontName="" fontStyle="1"/>
			<WordsStyle name="COMMENT" styleID="1" fgColor="008000" bgColor="FFFFFF" fontName="" fontStyle="0"/>
            <WordsStyle name="COMMENT LINE" styleID="2" fgColor="008000" bgColor="FFFFFF" fontName="" fontStyle="0"/>
            <WordsStyle name="NUMBER" styleID="4" fgColor="FF8000" bgColor="FFFFFF" fontName="" fontStyle="0"/>
            <WordsStyle name="OPERATOR" styleID="10" fgColor="000080" bgColor="FFFFFF" fontName="" fontStyle="1"/>
            <WordsStyle name="DELIMINER1" styleID="14" fgColor="FFFFFF" bgColor="000000" fontName="" fontStyle="0" />
            <WordsStyle name="DELIMINER2" styleID="15" fgColor="000000" bgColor="FFFFFF" fontName="" fontStyle="0" />
            <WordsStyle name="DELIMINER3" styleID="16" fgColor="000000" bgColor="FFFFFF" fontName="" fontStyle="0" />
       </Styles>
	</UserLang>
</NotepadPlus>
